title,company
"PHP Developer (Spanish, French or German speakers)",OnTheGoSystems
Senior Python & LLM /AI Engineer,Lemon.io
Senior Backend Developer (Node.js / Nest.js),Proxify AB
Coding bootcamp - Job Guaranteed,Metana
Senior Backend Developer (Python),Proxify AB
Senior Data Engineer,Sanctuary Computer
Senior Backend Engineer - Full Remote,Zencastr
Senior Python Developer,OnTheGoSystems
Senior Software Engineer - Backend/Python - USA Only (100% Remote),Close
Senior Backend Engineer,Proton.ai
Contract Software Engineer (AI x Biology),Great Good
Data Analyst,AHU Technologies
Manager â€“ WordPress Delivery,vSplash Techlabs
Systems Engineer - Senior -- Web Development | IT Effectiveness - Software Engineering & Web Applications [NPS035040],ProSidian Consulting
Web Development Intern,Divergent NG
Clinical Trial Web Application Developer,Everest Clinical Research
Senior Software Engineer,Semaphore Technologies
Senior Software Engineer,SuperPlane Inc.
